<zoffsets>
    <offset model="1" z="1"></offset>
    <offset model="2" z="1"></offset>
    <offset model="7" z="1"></offset>
    <offset model="9" z="1"></offset>
    <offset model="10" z="1"></offset>
    <offset model="11" z="1"></offset>
    <offset model="12" z="1"></offset>
    <offset model="13" z="1"></offset>
    <offset model="14" z="1"></offset>
    <offset model="15" z="1"></offset>
    <offset model="16" z="1"></offset>
    <offset model="17" z="1"></offset>
    <offset model="18" z="1"></offset>
    <offset model="19" z="1"></offset>
    <offset model="20" z="1"></offset>
    <offset model="21" z="1"></offset>
    <offset model="22" z="1"></offset>
    <offset model="23" z="1"></offset>
    <offset model="24" z="1"></offset>
    <offset model="25" z="1"></offset>
    <offset model="26" z="1"></offset>
    <offset model="27" z="1"></offset>
    <offset model="28" z="1"></offset>
    <offset model="29" z="1"></offset>
    <offset model="30" z="1"></offset>
    <offset model="31" z="1"></offset>
    <offset model="32" z="1"></offset>
    <offset model="33" z="1"></offset>
    <offset model="34" z="1"></offset>
    <offset model="35" z="1"></offset>
    <offset model="36" z="1"></offset>
    <offset model="37" z="1"></offset>
    <offset model="38" z="1"></offset>
    <offset model="39" z="1"></offset>
    <offset model="40" z="1"></offset>
    <offset model="41" z="1"></offset>
    <offset model="43" z="1"></offset>
    <offset model="44" z="1"></offset>
    <offset model="45" z="1"></offset>
    <offset model="46" z="1"></offset>
    <offset model="47" z="1"></offset>
    <offset model="48" z="1"></offset>
    <offset model="49" z="1"></offset>
    <offset model="50" z="1"></offset>
    <offset model="51" z="1"></offset>
    <offset model="52" z="1"></offset>
    <offset model="53" z="1"></offset>
    <offset model="54" z="1"></offset>
    <offset model="55" z="1"></offset>
    <offset model="56" z="1"></offset>
    <offset model="57" z="1"></offset>
    <offset model="58" z="1"></offset>
    <offset model="59" z="1"></offset>
    <offset model="60" z="1"></offset>
    <offset model="61" z="1"></offset>
    <offset model="62" z="1"></offset>
    <offset model="63" z="1"></offset>
    <offset model="64" z="1"></offset>
    <offset model="66" z="1"></offset>
    <offset model="67" z="1"></offset>
    <offset model="68" z="1"></offset>
    <offset model="69" z="1"></offset>
    <offset model="70" z="1"></offset>
    <offset model="71" z="1"></offset>
    <offset model="72" z="1"></offset>
    <offset model="73" z="1"></offset>
    <offset model="75" z="1"></offset>
    <offset model="76" z="1"></offset>
    <offset model="77" z="1"></offset>
    <offset model="78" z="1"></offset>
    <offset model="79" z="1"></offset>
    <offset model="80" z="1"></offset>
    <offset model="81" z="1"></offset>
    <offset model="82" z="1"></offset>
    <offset model="83" z="1"></offset>
    <offset model="84" z="1"></offset>
    <offset model="85" z="1"></offset>
    <offset model="87" z="1"></offset>
    <offset model="88" z="1"></offset>
    <offset model="89" z="1"></offset>
    <offset model="90" z="1"></offset>
    <offset model="91" z="1"></offset>
    <offset model="92" z="1"></offset>
    <offset model="93" z="1"></offset>
    <offset model="94" z="1"></offset>
    <offset model="95" z="1"></offset>
    <offset model="96" z="1"></offset>
    <offset model="97" z="1"></offset>
    <offset model="98" z="1"></offset>
    <offset model="99" z="1"></offset>
    <offset model="100" z="1"></offset>
    <offset model="101" z="1"></offset>
    <offset model="102" z="1"></offset>
    <offset model="103" z="1"></offset>
    <offset model="104" z="1"></offset>
    <offset model="105" z="1"></offset>
    <offset model="106" z="1"></offset>
    <offset model="107" z="1"></offset>
    <offset model="108" z="1"></offset>
    <offset model="109" z="1"></offset>
    <offset model="110" z="1"></offset>
    <offset model="111" z="1"></offset>
    <offset model="112" z="1"></offset>
    <offset model="113" z="1"></offset>
    <offset model="114" z="1"></offset>
    <offset model="115" z="1"></offset>
    <offset model="116" z="1"></offset>
    <offset model="117" z="1"></offset>
    <offset model="118" z="1"></offset>
    <offset model="120" z="1"></offset>
    <offset model="121" z="1"></offset>
    <offset model="122" z="1"></offset>
    <offset model="123" z="1"></offset>
    <offset model="124" z="1"></offset>
    <offset model="125" z="1"></offset>
    <offset model="126" z="1"></offset>
    <offset model="127" z="1"></offset>
    <offset model="128" z="1"></offset>
    <offset model="129" z="1"></offset>
    <offset model="130" z="1"></offset>
    <offset model="131" z="1"></offset>
    <offset model="132" z="1"></offset>
    <offset model="133" z="1"></offset>
    <offset model="134" z="1"></offset>
    <offset model="135" z="1"></offset>
    <offset model="136" z="1"></offset>
    <offset model="137" z="1"></offset>
    <offset model="138" z="1"></offset>
    <offset model="139" z="1"></offset>
    <offset model="140" z="1"></offset>
    <offset model="141" z="1"></offset>
    <offset model="142" z="1"></offset>
    <offset model="143" z="1"></offset>
    <offset model="144" z="1"></offset>
    <offset model="145" z="1"></offset>
    <offset model="146" z="1"></offset>
    <offset model="147" z="1"></offset>
    <offset model="148" z="1"></offset>
    <offset model="150" z="1"></offset>
    <offset model="151" z="1"></offset>
    <offset model="152" z="1"></offset>
    <offset model="153" z="1"></offset>
    <offset model="154" z="1"></offset>
    <offset model="155" z="1"></offset>
    <offset model="156" z="1"></offset>
    <offset model="157" z="1"></offset>
    <offset model="158" z="1"></offset>
    <offset model="159" z="1"></offset>
    <offset model="160" z="1"></offset>
    <offset model="161" z="1"></offset>
    <offset model="162" z="1"></offset>
    <offset model="163" z="1"></offset>
    <offset model="164" z="1"></offset>
    <offset model="165" z="1"></offset>
    <offset model="166" z="1"></offset>
    <offset model="167" z="1"></offset>
    <offset model="168" z="1"></offset>
    <offset model="169" z="1"></offset>
    <offset model="170" z="1"></offset>
    <offset model="171" z="1"></offset>
    <offset model="172" z="1"></offset>
    <offset model="173" z="1"></offset>
    <offset model="174" z="1"></offset>
    <offset model="175" z="1"></offset>
    <offset model="176" z="1"></offset>
    <offset model="177" z="1"></offset>
    <offset model="178" z="1"></offset>
    <offset model="179" z="1"></offset>
    <offset model="180" z="1"></offset>
    <offset model="181" z="1"></offset>
    <offset model="182" z="1"></offset>
    <offset model="183" z="1"></offset>
    <offset model="184" z="1"></offset>
    <offset model="185" z="1"></offset>
    <offset model="186" z="1"></offset>
    <offset model="187" z="1"></offset>
    <offset model="188" z="1"></offset>
    <offset model="189" z="1"></offset>
    <offset model="190" z="1"></offset>
    <offset model="191" z="1"></offset>
    <offset model="192" z="1"></offset>
    <offset model="193" z="1"></offset>
    <offset model="194" z="1"></offset>
    <offset model="195" z="1"></offset>
    <offset model="196" z="1"></offset>
    <offset model="197" z="1"></offset>
    <offset model="198" z="1"></offset>
    <offset model="199" z="1"></offset>
    <offset model="200" z="1"></offset>
    <offset model="201" z="1"></offset>
    <offset model="202" z="1"></offset>
    <offset model="203" z="1"></offset>
    <offset model="204" z="1"></offset>
    <offset model="205" z="1"></offset>
    <offset model="206" z="1"></offset>
    <offset model="207" z="1"></offset>
    <offset model="209" z="1"></offset>
    <offset model="210" z="1"></offset>
    <offset model="211" z="1"></offset>
    <offset model="212" z="1"></offset>
    <offset model="213" z="1"></offset>
    <offset model="214" z="1"></offset>
    <offset model="215" z="1"></offset>
    <offset model="216" z="1"></offset>
    <offset model="217" z="1"></offset>
    <offset model="218" z="1"></offset>
    <offset model="219" z="1"></offset>
    <offset model="220" z="1"></offset>
    <offset model="221" z="1"></offset>
    <offset model="222" z="1"></offset>
    <offset model="223" z="1"></offset>
    <offset model="224" z="1"></offset>
    <offset model="225" z="1"></offset>
    <offset model="226" z="1"></offset>
    <offset model="227" z="1"></offset>
    <offset model="228" z="1"></offset>
    <offset model="229" z="1"></offset>
    <offset model="230" z="1"></offset>
    <offset model="231" z="1"></offset>
    <offset model="232" z="1"></offset>
    <offset model="233" z="1"></offset>
    <offset model="234" z="1"></offset>
    <offset model="235" z="1"></offset>
    <offset model="236" z="1"></offset>
    <offset model="237" z="1"></offset>
    <offset model="238" z="1"></offset>
    <offset model="239" z="1"></offset>
    <offset model="240" z="1"></offset>
    <offset model="241" z="1"></offset>
    <offset model="242" z="1"></offset>
    <offset model="243" z="1"></offset>
    <offset model="244" z="1"></offset>
    <offset model="245" z="1"></offset>
    <offset model="246" z="1"></offset>
    <offset model="247" z="1"></offset>
    <offset model="248" z="1"></offset>
    <offset model="249" z="1"></offset>
    <offset model="250" z="1"></offset>
    <offset model="251" z="1"></offset>
    <offset model="252" z="1"></offset>
    <offset model="253" z="1"></offset>
    <offset model="254" z="1"></offset>
    <offset model="255" z="1"></offset>
    <offset model="256" z="1"></offset>
    <offset model="257" z="1"></offset>
    <offset model="258" z="1"></offset>
    <offset model="259" z="1"></offset>
    <offset model="260" z="1"></offset>
    <offset model="261" z="1"></offset>
    <offset model="262" z="1"></offset>
    <offset model="263" z="1"></offset>
    <offset model="264" z="1"></offset>
    <offset model="265" z="1"></offset>
    <offset model="266" z="1"></offset>
    <offset model="267" z="1"></offset>
    <offset model="268" z="1"></offset>
    <offset model="269" z="1"></offset>
    <offset model="270" z="1"></offset>
    <offset model="271" z="1"></offset>
    <offset model="272" z="1"></offset>
    <offset model="274" z="1"></offset>
    <offset model="275" z="1"></offset>
    <offset model="276" z="1"></offset>
    <offset model="277" z="1"></offset>
    <offset model="278" z="1"></offset>
    <offset model="279" z="1"></offset>
    <offset model="280" z="1"></offset>
    <offset model="281" z="1"></offset>
    <offset model="282" z="1"></offset>
    <offset model="283" z="1"></offset>
    <offset model="284" z="1"></offset>
    <offset model="285" z="1"></offset>
    <offset model="286" z="1"></offset>
    <offset model="287" z="1"></offset>
    <offset model="288" z="1"></offset>
    <offset model="290" z="1"></offset>
    <offset model="291" z="1"></offset>
    <offset model="292" z="1"></offset>
    <offset model="293" z="1"></offset>
    <offset model="294" z="1"></offset>
    <offset model="295" z="1"></offset>
    <offset model="296" z="1"></offset>
    <offset model="297" z="1"></offset>
    <offset model="298" z="1"></offset>
    <offset model="299" z="1"></offset>
    <offset model="300" z="1"></offset>
    <offset model="301" z="1"></offset>
    <offset model="302" z="1"></offset>
    <offset model="303" z="1"></offset>
    <offset model="304" z="1"></offset>
    <offset model="305" z="1"></offset>
    <offset model="306" z="1"></offset>
    <offset model="307" z="1"></offset>
    <offset model="308" z="1"></offset>
    <offset model="309" z="1"></offset>
    <offset model="310" z="1"></offset>
    <offset model="311" z="1"></offset>
    <offset model="312" z="1"></offset>
    <offset model="400" z="1.0797319412231"></offset>
    <offset model="401" z="0.77315235137939"></offset>
    <offset model="402" z="0.83751106262207"></offset>
    <offset model="403" z="1.5939636230469"></offset>
    <offset model="404" z="0.7542085647583"></offset>
    <offset model="405" z="0.85054779052734"></offset>
    <offset model="406" z="2.4971122741699"></offset>
    <offset model="407" z="1.2317247390747"></offset>
    <offset model="408" z="1.5556221008301"></offset>
    <offset model="409" z="0.78553867340088"></offset>
    <offset model="410" z="0.66897487640381"></offset>
    <offset model="411" z="0.71039772033691"></offset>
    <offset model="412" z="0.85926342010498"></offset>
    <offset model="413" z="1.0839004516602"></offset>
    <offset model="414" z="1.0937337875366"></offset>
    <offset model="415" z="0.78920364379883"></offset>
    <offset model="416" z="1.1819696426392"></offset>
    <offset model="417" z="1.0617628097534"></offset>
    <offset model="418" z="1.1090087890625"></offset>
    <offset model="419" z="0.77702903747559"></offset>
    <offset model="420" z="0.79985809326172"></offset>
    <offset model="421" z="0.8704719543457"></offset>
    <offset model="422" z="1.0091819763184"></offset>
    <offset model="423" z="1.0420179367065"></offset>
    <offset model="424" z="0.78661155700684"></offset>
    <offset model="425" z="1.5803661346436"></offset>
    <offset model="426" z="0.74496841430664"></offset>
    <offset model="427" z="1.1384229660034"></offset>
    <offset model="428" z="1.1517391204834"></offset>
    <offset model="429" z="0.7016429901123"></offset>
    <offset model="430" z="0.80290508270264"></offset>
    <offset model="431" z="1.1125707626343"></offset>
    <offset model="432" z="1.0059776306152"></offset>
    <offset model="433" z="1.4180917739868"></offset>
    <offset model="434" z="0.96611213684082"></offset>
    <offset model="435" z="1.6017265319824"></offset>
    <offset model="436" z="0.78105354309082"></offset>
    <offset model="437" z="1.1601572036743"></offset>
    <offset model="438" z="0.97090244293213"></offset>
    <offset model="439" z="0.90385437011719"></offset>
    <offset model="440" z="1.1114711761475"></offset>
    <offset model="441" z="0.1117582321167"></offset>
    <offset model="442" z="0.83566093444824"></offset>
    <offset model="443" z="1.6428070068359"></offset>
    <offset model="444" z="1.4082765579224"></offset>
    <offset model="445" z="0.84683227539063"></offset>
    <offset model="446" z="1.0137853622437"></offset>
    <offset model="447" z="1.0255689620972"></offset>
    <offset model="448" z="0.58021259307861"></offset>
    <offset model="449" z="1.2368793487549"></offset>
    <offset model="450" z="1.6248474121094"></offset>
    <offset model="451" z="0.6878833770752"></offset>
    <offset model="452" z="0.5241117477417"></offset>
    <offset model="453" z="0.92934036254883"></offset>
    <offset model="454" z="1.2420806884766"></offset>
    <offset model="455" z="1.4146356582642"></offset>
    <offset model="456" z="1.1871738433838"></offset>
    <offset model="457" z="0.62014293670654"></offset>
    <offset model="458" z="0.89616298675537"></offset>
    <offset model="459" z="1.0521564483643"></offset>
    <offset model="460" z="2.2208271026611"></offset>
    <offset model="461" z="0.57981395721436"></offset>
    <offset model="462" z="0.58078098297119"></offset>
    <offset model="463" z="0.53369331359863"></offset>
    <offset model="464" z="0.25890159606934"></offset>
    <offset model="465" z="0.39618301391602"></offset>
    <offset model="466" z="0.77610492706299"></offset>
    <offset model="467" z="0.78190517425537"></offset>
    <offset model="468" z="0.66871738433838"></offset>
    <offset model="469" z="1.0257024765015"></offset>
    <offset model="470" z="1.0049018859863"></offset>
    <offset model="471" z="0.47338962554932"></offset>
    <offset model="472" z="0.78063488006592"></offset>
    <offset model="473" z="0.26300811767578"></offset>
    <offset model="474" z="0.78450012207031"></offset>
    <offset model="475" z="0.81474494934082"></offset>
    <offset model="476" z="1.7123937606812"></offset>
    <offset model="477" z="0.736083984375"></offset>
    <offset model="478" z="0.98924541473389"></offset>
    <offset model="479" z="0.80530548095703"></offset>
    <offset model="480" z="0.76309680938721"></offset>
    <offset model="481" z="0.51007556915283"></offset>
    <offset model="482" z="1.1213226318359"></offset>
    <offset model="483" z="0.9728536605835"></offset>
    <offset model="484" z="1.3478136062622"></offset>
    <offset model="485" z="0.66003894805908"></offset>
    <offset model="486" z="1.2074527740479"></offset>
    <offset model="487" z="1.182900428772"></offset>
    <offset model="488" z="1.1641788482666"></offset>
    <offset model="489" z="1.1713237762451"></offset>
    <offset model="490" z="1.1182727813721"></offset>
    <offset model="491" z="0.77045822143555"></offset>
    <offset model="492" z="0.79960823059082"></offset>
    <offset model="493" z="1.3946552276611"></offset>
    <offset model="494" z="0.8928279876709"></offset>
    <offset model="495" z="1.3990535736084"></offset>
    <offset model="496" z="0.70191478729248"></offset>
    <offset model="497" z="1.1792192459106"></offset>
    <offset model="498" z="1.0748653411865"></offset>
    <offset model="499" z="0.98691558837891"></offset>
    <offset model="500" z="1.0917320251465"></offset>
    <offset model="501" z="0.3870792388916"></offset>
    <offset model="502" z="0.8782901763916"></offset>
    <offset model="503" z="0.91137218475342"></offset>
    <offset model="504" z="0.80303192138672"></offset>
    <offset model="505" z="1.1713314056396"></offset>
    <offset model="506" z="0.686448097229"></offset>
    <offset model="507" z="0.8404426574707"></offset>
    <offset model="508" z="1.3659000396729"></offset>
    <offset model="509" z="0.48537921905518"></offset>
    <offset model="510" z="0.62991428375244"></offset>
    <offset model="511" z="2.4142913818359"></offset>
    <offset model="512" z="1.3056325912476"></offset>
    <offset model="575" z="0.64730739593506"></offset>
    <offset model="583" z="0.5615406036377"></offset>
    <offset model="591" z="1.6249113082886"></offset>
    <offset model="599" z="1.1715126037598"></offset>
    <offset model="607" z="1.0533657073975"></offset>
    <offset model="520" z="1.7057199478149"></offset>
    <offset model="528" z="1.0392227172852"></offset>
    <offset model="536" z="0.7201681137085"></offset>
    <offset model="544" z="1.2767267227173"></offset>
    <offset model="552" z="0.71347904205322"></offset>
    <offset model="560" z="0.71194648742676"></offset>
    <offset model="568" z="0.86075115203857"></offset>
    <offset model="576" z="0.63911151885986"></offset>
    <offset model="584" z="2.148720741272"></offset>
    <offset model="592" z="2.1793956756592"></offset>
    <offset model="600" z="0.7098503112793"></offset>
    <offset model="608" z="1.5456657409668"></offset>
    <offset model="513" z="1.539381980896"></offset>
    <offset model="521" z="0.58916854858398"></offset>
    <offset model="529" z="0.65009117126465"></offset>
    <offset model="537" z="2.3266401290894"></offset>
    <offset model="545" z="0.81637477874756"></offset>
    <offset model="553" z="2.3078079223633"></offset>
    <offset model="561" z="0.80317974090576"></offset>
    <offset model="569" z="2.343731880188"></offset>
    <offset model="577" z="1.0086803436279"></offset>
    <offset model="585" z="0.59527492523193"></offset>
    <offset model="593" z="1.4729099273682"></offset>
    <offset model="601" z="0.73595142364502"></offset>
    <offset model="609" z="1.0634365081787"></offset>
    <offset model="514" z="1.5557136535645"></offset>
    <offset model="522" z="0.56628227233887"></offset>
    <offset model="530" z="0.7352180480957"></offset>
    <offset model="538" z="2.2365942001343"></offset>
    <offset model="546" z="0.74745559692383"></offset>
    <offset model="554" z="1.0773429870605"></offset>
    <offset model="562" z="0.6461124420166"></offset>
    <offset model="578" z="1.6015214920044"></offset>
    <offset model="586" z="0.50639915466309"></offset>
    <offset model="594" z="0.17900276184082"></offset>
    <offset model="602" z="0.79020690917969"></offset>
    <offset model="610" z="0.44050598144531"></offset>
    <offset model="515" z="2.0074758529663"></offset>
    <offset model="523" z="0.53176593780518"></offset>
    <offset model="531" z="0.95195960998535"></offset>
    <offset model="539" z="0.36016178131104"></offset>
    <offset model="547" z="0.73302745819092"></offset>
    <offset model="555" z="0.71337699890137"></offset>
    <offset model="563" z="1.6921157836914"></offset>
    <offset model="571" z="0.28586578369141"></offset>
    <offset model="579" z="0.89292430877686"></offset>
    <offset model="587" z="0.72727966308594"></offset>
    <offset model="595" z="1.1013422012329"></offset>
    <offset model="603" z="0.87070751190186"></offset>
    <offset model="611" z="0.64371871948242"></offset>
    <offset model="516" z="0.84462833404541"></offset>
    <offset model="524" z="1.9296083450317"></offset>
    <offset model="532" z="1.982195854187"></offset>
    <offset model="540" z="0.83352565765381"></offset>
    <offset model="548" z="2.6850786209106"></offset>
    <offset model="556" z="1.3336610794067"></offset>
    <offset model="564" z="0.19678497314453"></offset>
    <offset model="572" z="0.59049987792969"></offset>
    <offset model="580" z="0.83946228027344"></offset>
    <offset model="588" z="0.91726779937744"></offset>
    <offset model="596" z="0.72018718719482"></offset>
    <offset model="604" z="0.71469974517822"></offset>
    <offset model="517" z="0.84056758880615"></offset>
    <offset model="525" z="0.87664127349854"></offset>
    <offset model="533" z="0.70159149169922"></offset>
    <offset model="541" z="0.62444591522217"></offset>
    <offset model="549" z="0.6745662689209"></offset>
    <offset model="557" z="1.3621339797974"></offset>
    <offset model="565" z="0.63636875152588"></offset>
    <offset model="573" z="1.6074676513672"></offset>
    <offset model="581" z="0.62024307250977"></offset>
    <offset model="589" z="0.67153739929199"></offset>
    <offset model="597" z="0.78286266326904"></offset>
    <offset model="605" z="0.84081649780273"></offset>
    <offset model="518" z="0.6632604598999"></offset>
    <offset model="526" z="0.77995300292969"></offset>
    <offset model="534" z="0.72842025756836"></offset>
    <offset model="542" z="0.71014213562012"></offset>
    <offset model="550" z="0.83166122436523"></offset>
    <offset model="558" z="0.64542293548584"></offset>
    <offset model="566" z="0.75889778137207"></offset>
    <offset model="574" z="0.72853755950928"></offset>
    <offset model="582" z="1.0272760391235"></offset>
    <offset model="590" z="2.3416776657104"></offset>
    <offset model="598" z="0.73788833618164"></offset>
    <offset model="606" z="1.0478162765503"></offset>
    <offset model="519" z="1.9251699447632"></offset>
    <offset model="527" z="0.71845722198486"></offset>
    <offset model="535" z="0.75996780395508"></offset>
    <offset model="543" z="0.81982135772705"></offset>
    <offset model="551" z="0.78924179077148"></offset>
    <offset model="559" z="0.6673002243042"></offset>
    <offset model="567" z="0.84320163726807"></offset>
    <offset model="0" z="1"></offset>
</zoffsets>
